ID,AR,EN
B01_IGNAR_ENTRANCE,الاحتراق ليس غضباً؛ إنه وعد لا ينجو منه من يقرأ الشرارة متأخراً.,النار is not anger; it is a promise no one survives by reading its spark too late.
B01_IGNAR_DEATH,كنت أظن أن الحراسة تعني أن أبقى وحدي. خذ الجوهر، ولا تجعل النار حجة لسلطة أخرى.,"I thought guardianship meant standing alone. Take the core, and do not let النار become an excuse for another authority."
B01_IGNAR_AFTER,صدى النار لا يملكك يا آرين. اسأل ما الذي سيبقى منّا حين تتركه يمر فيك.,"The echo of النار does not own you, Aren. Ask what remains of us when you let it pass through you."
B02_NIMARA_ENTRANCE,كل موجة تعيد ما أخذته، إلا من يظن نفسه أثقل من البحر.,الماء is not anger; it is a promise no one survives by reading its spark too late.
B02_NIMARA_DEATH,كنت أظن أن الحراسة تعني أن أبقى وحدي. خذ الجوهر، ولا تجعل الماء حجة لسلطة أخرى.,"I thought guardianship meant standing alone. Take the core, and do not let الماء become an excuse for another authority."
B02_NIMARA_AFTER,صدى الماء لا يملكك يا آرين. اسأل ما الذي سيبقى منّا حين تتركه يمر فيك.,"The echo of الماء does not own you, Aren. Ask what remains of us when you let it pass through you."
B03_DAHIR_ENTRANCE,الأرض تحفظ الأقدام التي تحترمها، وتفتح فمها تحت من يدوس بلا سؤال.,التراب is not anger; it is a promise no one survives by reading its spark too late.
B03_DAHIR_DEATH,كنت أظن أن الحراسة تعني أن أبقى وحدي. خذ الجوهر، ولا تجعل التراب حجة لسلطة أخرى.,"I thought guardianship meant standing alone. Take the core, and do not let التراب become an excuse for another authority."
B03_DAHIR_AFTER,صدى التراب لا يملكك يا آرين. اسأل ما الذي سيبقى منّا حين تتركه يمر فيك.,"The echo of التراب does not own you, Aren. Ask what remains of us when you let it pass through you."
B04_KHARUS_ENTRANCE,اضرب ما تشاء؛ الجدار لا يسقط لأنك غضبت، بل لأنك فهمت موضع شقّه.,الصخر is not anger; it is a promise no one survives by reading its spark too late.
B04_KHARUS_DEATH,كنت أظن أن الحراسة تعني أن أبقى وحدي. خذ الجوهر، ولا تجعل الصخر حجة لسلطة أخرى.,"I thought guardianship meant standing alone. Take the core, and do not let الصخر become an excuse for another authority."
B04_KHARUS_AFTER,صدى الصخر لا يملكك يا آرين. اسأل ما الذي سيبقى منّا حين تتركه يمر فيك.,"The echo of الصخر does not own you, Aren. Ask what remains of us when you let it pass through you."
B05_ZEFRA_ENTRANCE,لا أرض تحتك لتخطئ عليها. تعلّم أن تختار وجهتك قبل أن تختار سرعتك.,الهواء is not anger; it is a promise no one survives by reading its spark too late.
B05_ZEFRA_DEATH,كنت أظن أن الحراسة تعني أن أبقى وحدي. خذ الجوهر، ولا تجعل الهواء حجة لسلطة أخرى.,"I thought guardianship meant standing alone. Take the core, and do not let الهواء become an excuse for another authority."
B05_ZEFRA_AFTER,صدى الهواء لا يملكك يا آرين. اسأل ما الذي سيبقى منّا حين تتركه يمر فيك.,"The echo of الهواء does not own you, Aren. Ask what remains of us when you let it pass through you."
B06_VOLTARA_ENTRANCE,كل مسافة بينكما سلك، وكل تردد دعوة لصاعقة تعرف عنوانك.,البرق is not anger; it is a promise no one survives by reading its spark too late.
B06_VOLTARA_DEATH,كنت أظن أن الحراسة تعني أن أبقى وحدي. خذ الجوهر، ولا تجعل البرق حجة لسلطة أخرى.,"I thought guardianship meant standing alone. Take the core, and do not let البرق become an excuse for another authority."
B06_VOLTARA_AFTER,صدى البرق لا يملكك يا آرين. اسأل ما الذي سيبقى منّا حين تتركه يمر فيك.,"The echo of البرق does not own you, Aren. Ask what remains of us when you let it pass through you."
B07_ESKREL_ENTRANCE,البرد لا يقتل الاندفاع؛ يجعله تمثالاً كي يتعلم الصبر.,الجليد is not anger; it is a promise no one survives by reading its spark too late.
B07_ESKREL_DEATH,كنت أظن أن الحراسة تعني أن أبقى وحدي. خذ الجوهر، ولا تجعل الجليد حجة لسلطة أخرى.,"I thought guardianship meant standing alone. Take the core, and do not let الجليد become an excuse for another authority."
B07_ESKREL_AFTER,صدى الجليد لا يملكك يا آرين. اسأل ما الذي سيبقى منّا حين تتركه يمر فيك.,"The echo of الجليد does not own you, Aren. Ask what remains of us when you let it pass through you."
B08_FERLIA_ENTRANCE,ما ينمو بلا حد يلتف على من رعاه. هل تقطع الجذر أم تسمع ما يطلب؟,الطبيعة is not anger; it is a promise no one survives by reading its spark too late.
B08_FERLIA_DEATH,كنت أظن أن الحراسة تعني أن أبقى وحدي. خذ الجوهر، ولا تجعل الطبيعة حجة لسلطة أخرى.,"I thought guardianship meant standing alone. Take the core, and do not let الطبيعة become an excuse for another authority."
B08_FERLIA_AFTER,صدى الطبيعة لا يملكك يا آرين. اسأل ما الذي سيبقى منّا حين تتركه يمر فيك.,"The echo of الطبيعة does not own you, Aren. Ask what remains of us when you let it pass through you."
B09_SAHRAK_ENTRANCE,لا تتبع ما تراه أولاً؛ العين عطشى، والرمل يعرف كيف يسقي الوهم.,الرمل is not anger; it is a promise no one survives by reading its spark too late.
B09_SAHRAK_DEATH,كنت أظن أن الحراسة تعني أن أبقى وحدي. خذ الجوهر، ولا تجعل الرمل حجة لسلطة أخرى.,"I thought guardianship meant standing alone. Take the core, and do not let الرمل become an excuse for another authority."
B09_SAHRAK_AFTER,صدى الرمل لا يملكك يا آرين. اسأل ما الذي سيبقى منّا حين تتركه يمر فيك.,"The echo of الرمل does not own you, Aren. Ask what remains of us when you let it pass through you."
B10_FERRON_ENTRANCE,القوة التي لا تنحني تكسر من يحملها. أرِني إن كنت تعرف وزن يدك.,المعدن is not anger; it is a promise no one survives by reading its spark too late.
B10_FERRON_DEATH,كنت أظن أن الحراسة تعني أن أبقى وحدي. خذ الجوهر، ولا تجعل المعدن حجة لسلطة أخرى.,"I thought guardianship meant standing alone. Take the core, and do not let المعدن become an excuse for another authority."
B10_FERRON_AFTER,صدى المعدن لا يملكك يا آرين. اسأل ما الذي سيبقى منّا حين تتركه يمر فيك.,"The echo of المعدن does not own you, Aren. Ask what remains of us when you let it pass through you."
B11_LUMIRA_ENTRANCE,النور لا يبرئ أحداً؛ إنه يكشف الزاوية التي اختار أن يقف فيها.,الضوء is not anger; it is a promise no one survives by reading its spark too late.
B11_LUMIRA_DEATH,كنت أظن أن الحراسة تعني أن أبقى وحدي. خذ الجوهر، ولا تجعل الضوء حجة لسلطة أخرى.,"I thought guardianship meant standing alone. Take the core, and do not let الضوء become an excuse for another authority."
B11_LUMIRA_AFTER,صدى الضوء لا يملكك يا آرين. اسأل ما الذي سيبقى منّا حين تتركه يمر فيك.,"The echo of الضوء does not own you, Aren. Ask what remains of us when you let it pass through you."
B12_GRAVEIM_ENTRANCE,كل جوهر حملته يطالبك الآن: هل تجمع الثقل أم تعيده إلى مكانه؟,الجاذبية is not anger; it is a promise no one survives by reading its spark too late.
B12_GRAVEIM_DEATH,كنت أظن أن الحراسة تعني أن أبقى وحدي. خذ الجوهر، ولا تجعل الجاذبية حجة لسلطة أخرى.,"I thought guardianship meant standing alone. Take the core, and do not let الجاذبية become an excuse for another authority."
B12_GRAVEIM_AFTER,صدى الجاذبية لا يملكك يا آرين. اسأل ما الذي سيبقى منّا حين تتركه يمر فيك.,"The echo of الجاذبية does not own you, Aren. Ask what remains of us when you let it pass through you."
آرين_INT_01,أنا أسمع ما لا تقوله الجدران.,I hear what the walls do not say.
آرين_INT_02,لن نكسب شيئاً إذا نسينا من يدفع الثمن.,We gain nothing if we forget who pays the price.
آرين_INT_03,اقرأ الإشارة قبل أن ترد عليها.,Read the signal before you answer it.
آرين_INT_04,هذه القوة أمانة وليست غنيمة.,"This power is a trust, not a prize."
آرين_INT_05,نعود إلى الـHub حين يصبح القرار أوضح.,We return to the Hub when the choice is clearer.
آرين_INT_06,لا تكرر النمط؛ الحارس يراقب ما تعتاد عليه.,Do not repeat the pattern; the Guardian watches what you learn to do.
آرين_INT_07,الطريق المفتوح يحتاج من يحرسه بعدنا.,An open road needs someone to guard it after us.
آرين_INT_08,لا تأخذ أكثر مما تحتاج.,Do not take more than you need.
آرين_INT_09,دعنا نثبت الحقيقة قبل أن ننشرها.,Let us verify the truth before we publish it.
آرين_INT_10,الآن نعرف ما الذي يجب إصلاحه.,Now we know what must be repaired.
لينا_INT_01,أنا أسمع ما لا تقوله الجدران.,I hear what the walls do not say.
لينا_INT_02,لن نكسب شيئاً إذا نسينا من يدفع الثمن.,We gain nothing if we forget who pays the price.
لينا_INT_03,اقرأ الإشارة قبل أن ترد عليها.,Read the signal before you answer it.
لينا_INT_04,هذه القوة أمانة وليست غنيمة.,"This power is a trust, not a prize."
لينا_INT_05,نعود إلى الـHub حين يصبح القرار أوضح.,We return to the Hub when the choice is clearer.
لينا_INT_06,لا تكرر النمط؛ الحارس يراقب ما تعتاد عليه.,Do not repeat the pattern; the Guardian watches what you learn to do.
لينا_INT_07,الطريق المفتوح يحتاج من يحرسه بعدنا.,An open road needs someone to guard it after us.
لينا_INT_08,لا تأخذ أكثر مما تحتاج.,Do not take more than you need.
لينا_INT_09,دعنا نثبت الحقيقة قبل أن ننشرها.,Let us verify the truth before we publish it.
لينا_INT_10,الآن نعرف ما الذي يجب إصلاحه.,Now we know what must be repaired.
نور_INT_01,أنا أسمع ما لا تقوله الجدران.,I hear what the walls do not say.
نور_INT_02,لن نكسب شيئاً إذا نسينا من يدفع الثمن.,We gain nothing if we forget who pays the price.
نور_INT_03,اقرأ الإشارة قبل أن ترد عليها.,Read the signal before you answer it.
نور_INT_04,هذه القوة أمانة وليست غنيمة.,"This power is a trust, not a prize."
نور_INT_05,نعود إلى الـHub حين يصبح القرار أوضح.,We return to the Hub when the choice is clearer.
نور_INT_06,لا تكرر النمط؛ الحارس يراقب ما تعتاد عليه.,Do not repeat the pattern; the Guardian watches what you learn to do.
نور_INT_07,الطريق المفتوح يحتاج من يحرسه بعدنا.,An open road needs someone to guard it after us.
نور_INT_08,لا تأخذ أكثر مما تحتاج.,Do not take more than you need.
نور_INT_09,دعنا نثبت الحقيقة قبل أن ننشرها.,Let us verify the truth before we publish it.
نور_INT_10,الآن نعرف ما الذي يجب إصلاحه.,Now we know what must be repaired.
مارد_INT_01,أنا أسمع ما لا تقوله الجدران.,I hear what the walls do not say.
مارد_INT_02,لن نكسب شيئاً إذا نسينا من يدفع الثمن.,We gain nothing if we forget who pays the price.
مارد_INT_03,اقرأ الإشارة قبل أن ترد عليها.,Read the signal before you answer it.
مارد_INT_04,هذه القوة أمانة وليست غنيمة.,"This power is a trust, not a prize."
مارد_INT_05,نعود إلى الـHub حين يصبح القرار أوضح.,We return to the Hub when the choice is clearer.
مارد_INT_06,لا تكرر النمط؛ الحارس يراقب ما تعتاد عليه.,Do not repeat the pattern; the Guardian watches what you learn to do.
مارد_INT_07,الطريق المفتوح يحتاج من يحرسه بعدنا.,An open road needs someone to guard it after us.
مارد_INT_08,لا تأخذ أكثر مما تحتاج.,Do not take more than you need.
مارد_INT_09,دعنا نثبت الحقيقة قبل أن ننشرها.,Let us verify the truth before we publish it.
مارد_INT_10,الآن نعرف ما الذي يجب إصلاحه.,Now we know what must be repaired.
سلاف_INT_01,أنا أسمع ما لا تقوله الجدران.,I hear what the walls do not say.
سلاف_INT_02,لن نكسب شيئاً إذا نسينا من يدفع الثمن.,We gain nothing if we forget who pays the price.
سلاف_INT_03,اقرأ الإشارة قبل أن ترد عليها.,Read the signal before you answer it.
سلاف_INT_04,هذه القوة أمانة وليست غنيمة.,"This power is a trust, not a prize."
سلاف_INT_05,نعود إلى الـHub حين يصبح القرار أوضح.,We return to the Hub when the choice is clearer.
سلاف_INT_06,لا تكرر النمط؛ الحارس يراقب ما تعتاد عليه.,Do not repeat the pattern; the Guardian watches what you learn to do.
سلاف_INT_07,الطريق المفتوح يحتاج من يحرسه بعدنا.,An open road needs someone to guard it after us.
سلاف_INT_08,لا تأخذ أكثر مما تحتاج.,Do not take more than you need.
سلاف_INT_09,دعنا نثبت الحقيقة قبل أن ننشرها.,Let us verify the truth before we publish it.
سلاف_INT_10,الآن نعرف ما الذي يجب إصلاحه.,Now we know what must be repaired.
الحارس الأول_INT_01,أنا أسمع ما لا تقوله الجدران.,I hear what the walls do not say.
الحارس الأول_INT_02,لن نكسب شيئاً إذا نسينا من يدفع الثمن.,We gain nothing if we forget who pays the price.
الحارس الأول_INT_03,اقرأ الإشارة قبل أن ترد عليها.,Read the signal before you answer it.
الحارس الأول_INT_04,هذه القوة أمانة وليست غنيمة.,"This power is a trust, not a prize."
الحارس الأول_INT_05,نعود إلى الـHub حين يصبح القرار أوضح.,We return to the Hub when the choice is clearer.
الحارس الأول_INT_06,لا تكرر النمط؛ الحارس يراقب ما تعتاد عليه.,Do not repeat the pattern; the Guardian watches what you learn to do.
الحارس الأول_INT_07,الطريق المفتوح يحتاج من يحرسه بعدنا.,An open road needs someone to guard it after us.
الحارس الأول_INT_08,لا تأخذ أكثر مما تحتاج.,Do not take more than you need.
الحارس الأول_INT_09,دعنا نثبت الحقيقة قبل أن ننشرها.,Let us verify the truth before we publish it.
الحارس الأول_INT_10,الآن نعرف ما الذي يجب إصلاحه.,Now we know what must be repaired.
